726382042,raamensavin,djjdjeiwpwpqp
6265392077,,jssjisisjw
726382042,raamensavin,s.kdjfjsdlfjsl
726382042,raamensavin,dksjflsdjfs
726382042,raamensavin,klsjdflksjflskdf
726382042,raamensavin,dsjflsjflsdjflsjd
726382042,raamensavin,попа
129895256,xructoc,xructoc
6265392077,sssvmem,penis
810216715,imelisaveta,бусинка
726382042,raamensavin,jfkdidn
607317158,faithwicca,&&
886121253,vingle_xd,Лаврентьев Владимир
423772705,galitsynarina,rina
607317158,faithwicca,хуй
482900200,Olegolo,Рарараж
228832868,mssamm,11
647423196,vananass,Хуй
129895256,xructoc,Thhdtycf
1073089175,lilykras,Lll
647423196,vananass,НАЗАД
129895256,xructoc,Про
1073089175,lilykras,4
672621770,vi_shum,1
647423196,vananass,2
926378784,ekaterina_spv,Test
726382042,raamensavin,piska
129895256,xructoc,Xructoc
859848504,Biktail,Tagir
611932424,avosthh,avosthh
848692942,khomyakovv,m.khomyakov_
910879099,lildronny,Kick Buttowski-Yessirski
1269364163,IvanMironov438,Mir
223558280,ichtis,Воложенин Вадим
1100063418,gsophrgepous,whynott
1373964045,Avigorik,Avigora
736360043,mouse11111,soft_mme
1880073920,artemdolgih,Артём
859155726,suvorovakr,Команда вэш
964246948,tokyoghoulsssr,jowwlin
855718938,Anton_Slepukhin,Абоба228
1778776765,stepakol,Stepakol
1767589934,viktoria_hugo,Александра Маяковская
1960193979,pumpkinorso,Mr. Egg
2067905940,Kirill_Vasin,kir
800601903,Chirkina_Anna,Луна1
1242492555,Irrrr_a,irr
820538511,aalsu9,999999aaaaaa
1933227590,economicsmath,Епифанов Алексей
1778776765,stepakol,Stepakol2.0
1377133366,Ananas_2_0,"13456,sghjjtsxb"
1689303263,nevnuchka,ans
967617706,Andyklo,Andyklo
1636313895,PianoOstrich_962,Ostrich_297
826798190,kseniaplatonova713,Queen13
1730196813,what573,Андрей
1443930697,ibnfaisal,D
5009611754,gregorykrylov,гриша
430831182,dm1trykrylov,smiwd
1242492555,Irrrr_a,klkvnnn
859155726,suvorovakr,Боги экономики
886246648,SsK8q,SsK8q
1443930697,ibnfaisal,Wsx
855718938,Anton_Slepukhin,Автобус
223558280,ichtis,Вадим Воложенин
1960193979,pumpkinorso,100
1960193979,pumpkinorso,100
1043880858,Ruslan_155,Руслан
1960193979,pumpkinorso,Eggman Nega
1778776765,stepakol,Stepakol2006
611932424,avosthh,aqe
848692942,khomyakovv,@vstetsenko
848692942,khomyakovv,vstetsenko
1933227590,economicsmath,58
883870580,obukhovkd,Ландау бизнесмен
1933227590,economicsmath,Леша
967617706,Andyklo,Tuta
736360043,mouse11111,kefir
1829197052,aleksandraa_as,#include
1933227590,economicsmath,Л2Ш
1880073920,artemdolgih,А
5009611754,gregorykrylov,grishakrr
785036057,marIeyn25,Глеб
1367893834,Umar_Israfilov,Horoz
1636313895,PianoOstrich_962,Ostrich_972
883870580,obukhovkd,Бизнесмен Ландау
909294598,Femikey,Wax
1242492555,Irrrr_a,Кавказ
1043880858,Ruslan_155,Ник123
746716469,L1km0,Богдан Лисевский
1049484194,JotaroArs,Долик
1933227590,economicsmath,Алексей
809405427,meerccury,kkkk/nick
5701244102,Otsyk,cat
1229793925,KlimentSh,КШ
809405427,meerccury,kkkk
967457055,iwance,Ivan
1780843106,Sharycheva,Vasssie
883870580,obukhovkd,Ландау
1829197052,aleksandraa_as,Ая
1778776765,stepakol,Stepakol06
1033790453,kutep0v,cucumber
967457055,iwance,чел
